Date,Open,High,Low,Close,Volume
2023-01-02,0.0,9.999999974752427e-07,0.0,9.999999974752427e-07,5485611
2023-01-03,9.999999974752427e-07,9.999999974752427e-07,9.999999974752427e-07,9.999999974752427e-07,7737406
2023-01-04,9.999999974752427e-07,3.999999989900971e-06,9.999999974752427e-07,3.000000106112566e-06,158048765
2023-01-05,3.000000106112566e-06,4.999999873689376e-06,1.9999999949504854e-06,3.000000106112566e-06,112994754
2023-01-06,3.000000106112566e-06,3.000000106112566e-06,9.999999974752427e-07,1.9999999949504854e-06,70947289
2023-01-07,1.9999999949504854e-06,1.9999999949504854e-06,1.9999999949504854e-06,1.9999999949504854e-06,38507029
2023-01-08,1.9999999949504854e-06,1.9999999949504854e-06,1.9999999949504854e-06,1.9999999949504854e-06,26068771
2023-01-09,1.9999999949504854e-06,1.9999999949504854e-06,1.9999999949504854e-06,1.9999999949504854e-06,23264747
2023-01-10,1.9999999949504854e-06,1.9999999949504854e-06,1.9999999949504854e-06,1.9999999949504854e-06,16898078
2023-01-11,1.9999999949504854e-06,1.9999999949504854e-06,9.999999974752427e-07,9.999999974752427e-07,20514004
2023-01-12,9.999999974752427e-07,9.999999974752427e-07,9.999999974752427e-07,9.999999974752427e-07,29535337
2023-01-13,9.999999974752427e-07,9.999999974752427e-07,9.999999974752427e-07,9.999999974752427e-07,13656303
2023-01-14,9.999999974752427e-07,9.999999974752427e-07,9.999999974752427e-07,9.999999974752427e-07,26392992
2023-01-15,9.999999974752427e-07,1.9999999949504854e-06,9.999999974752427e-07,9.999999974752427e-07,19836560
2023-01-16,9.999999974752427e-07,9.999999974752427e-07,9.999999974752427e-07,9.999999974752427e-07,15773919
2023-01-17,9.999999974752427e-07,9.999999974752427e-07,9.999999974752427e-07,9.999999974752427e-07,9952881
2023-01-18,9.999999974752427e-07,9.999999974752427e-07,9.999999974752427e-07,9.999999974752427e-07,14064994
2023-01-19,9.999999974752427e-07,9.999999974752427e-07,9.999999974752427e-07,9.999999974752427e-07,8893610
2023-01-20,9.999999974752427e-07,9.999999974752427e-07,9.999999974752427e-07,9.999999974752427e-07,8663519
2023-01-21,9.999999974752427e-07,9.999999974752427e-07,9.999999974752427e-07,9.999999974752427e-07,10864973
2023-01-22,9.999999974752427e-07,9.999999974752427e-07,9.999999974752427e-07,9.999999974752427e-07,10311936
2023-01-23,9.999999974752427e-07,9.999999974752427e-07,9.999999974752427e-07,9.999999974752427e-07,7626614
2023-01-24,9.999999974752427e-07,9.999999974752427e-07,9.999999974752427e-07,9.999999974752427e-07,9728685
2023-01-25,9.999999974752427e-07,9.999999974752427e-07,9.999999974752427e-07,9.999999974752427e-07,9318585
2023-01-26,9.999999974752427e-07,9.999999974752427e-07,9.999999974752427e-07,9.999999974752427e-07,6804675
2023-01-27,9.999999974752427e-07,9.999999974752427e-07,9.999999974752427e-07,9.999999974752427e-07,6161144
2023-01-28,9.999999974752427e-07,9.999999974752427e-07,9.999999974752427e-07,9.999999974752427e-07,8891885
2023-01-29,9.999999974752427e-07,9.999999974752427e-07,9.999999974752427e-07,9.999999974752427e-07,7728026
2023-01-30,9.999999974752427e-07,9.999999974752427e-07,9.999999974752427e-07,9.999999974752427e-07,9455674
2023-01-31,9.999999974752427e-07,9.999999974752427e-07,9.999999974752427e-07,9.999999974752427e-07,8134498
2023-02-01,9.999999974752427e-07,9.999999974752427e-07,9.999999974752427e-07,9.999999974752427e-07,9510523
2023-02-02,9.999999974752427e-07,9.999999974752427e-07,9.999999974752427e-07,9.999999974752427e-07,7704494
2023-02-03,9.999999974752427e-07,9.999999974752427e-07,9.999999974752427e-07,9.999999974752427e-07,11784199
2023-02-04,9.999999974752427e-07,9.999999974752427e-07,9.999999974752427e-07,9.999999974752427e-07,15482491
2023-02-05,9.999999974752427e-07,9.999999974752427e-07,9.999999974752427e-07,9.999999974752427e-07,13402640
2023-02-06,9.999999974752427e-07,9.999999974752427e-07,9.999999974752427e-07,9.999999974752427e-07,9162265
2023-02-07,9.999999974752427e-07,9.999999974752427e-07,9.999999974752427e-07,9.999999974752427e-07,6163843
2023-02-08,9.999999974752427e-07,9.999999974752427e-07,9.999999974752427e-07,9.999999974752427e-07,6208285
2023-02-09,9.999999974752427e-07,9.999999974752427e-07,9.999999974752427e-07,9.999999974752427e-07,8082442
2023-02-10,9.999999974752427e-07,9.999999974752427e-07,9.999999974752427e-07,9.999999974752427e-07,6640726
2023-02-11,9.999999974752427e-07,9.999999974752427e-07,9.999999974752427e-07,9.999999974752427e-07,4758368
2023-02-12,9.999999974752427e-07,9.999999974752427e-07,9.999999974752427e-07,9.999999974752427e-07,4996635
2023-02-13,9.999999974752427e-07,9.999999974752427e-07,9.999999974752427e-07,9.999999974752427e-07,4874581
2023-02-14,9.999999974752427e-07,9.999999974752427e-07,9.999999974752427e-07,9.999999974752427e-07,4820006
2023-02-15,9.999999974752427e-07,9.999999974752427e-07,9.999999974752427e-07,9.999999974752427e-07,9047457
2023-02-16,9.999999974752427e-07,9.999999974752427e-07,9.999999974752427e-07,9.999999974752427e-07,11305970
2023-02-17,9.999999974752427e-07,9.999999974752427e-07,9.999999974752427e-07,9.999999974752427e-07,6415457
2023-02-18,9.999999974752427e-07,9.999999974752427e-07,9.999999974752427e-07,9.999999974752427e-07,5505764
2023-02-19,9.999999974752427e-07,9.999999974752427e-07,9.999999974752427e-07,9.999999974752427e-07,5269368
2023-02-20,9.999999974752427e-07,9.999999974752427e-07,9.999999974752427e-07,9.999999974752427e-07,6193251
2023-02-21,9.999999974752427e-07,9.999999974752427e-07,9.999999974752427e-07,9.999999974752427e-07,4760246
2023-02-22,9.999999974752427e-07,9.999999974752427e-07,9.999999974752427e-07,9.999999974752427e-07,4297114
2023-02-23,9.999999974752427e-07,9.999999974752427e-07,9.999999974752427e-07,9.999999974752427e-07,4010224
2023-02-24,9.999999974752427e-07,9.999999974752427e-07,9.999999974752427e-07,9.999999974752427e-07,3736771
2023-02-25,9.999999974752427e-07,9.999999974752427e-07,9.999999974752427e-07,9.999999974752427e-07,3151453
2023-02-26,9.999999974752427e-07,9.999999974752427e-07,9.999999974752427e-07,9.999999974752427e-07,3346362
2023-02-27,9.999999974752427e-07,9.999999974752427e-07,9.999999974752427e-07,9.999999974752427e-07,3527465
2023-02-28,9.999999974752427e-07,9.999999974752427e-07,9.999999974752427e-07,9.999999974752427e-07,3905029
2023-03-01,9.999999974752427e-07,9.999999974752427e-07,9.999999974752427e-07,9.999999974752427e-07,3664555
2023-03-02,9.999999974752427e-07,9.999999974752427e-07,9.999999974752427e-07,9.999999974752427e-07,3439273
2023-03-03,9.999999974752427e-07,9.999999974752427e-07,9.999999974752427e-07,9.999999974752427e-07,6877831
2023-03-04,9.999999974752427e-07,9.999999974752427e-07,9.999999974752427e-07,9.999999974752427e-07,4580426
2023-03-05,9.999999974752427e-07,9.999999974752427e-07,9.999999974752427e-07,9.999999974752427e-07,4141326
2023-03-06,9.999999974752427e-07,9.999999974752427e-07,9.999999974752427e-07,9.999999974752427e-07,2691523
2023-03-07,9.999999974752427e-07,9.999999974752427e-07,9.999999974752427e-07,9.999999974752427e-07,3487930
2023-03-13,0.0,9.999999974752427e-07,0.0,9.999999974752427e-07,3160303
2023-03-14,9.999999974752427e-07,9.999999974752427e-07,9.999999974752427e-07,9.999999974752427e-07,3428230
2023-03-15,9.999999974752427e-07,9.999999974752427e-07,9.999999974752427e-07,9.999999974752427e-07,4202370
2023-03-16,9.999999974752427e-07,9.999999974752427e-07,9.999999974752427e-07,9.999999974752427e-07,2669317
2023-03-17,9.999999974752427e-07,9.999999974752427e-07,9.999999974752427e-07,9.999999974752427e-07,2911245
2023-03-18,9.999999974752427e-07,9.999999974752427e-07,9.999999974752427e-07,9.999999974752427e-07,2830713
2023-03-19,9.999999974752427e-07,9.999999974752427e-07,9.999999974752427e-07,9.999999974752427e-07,3243611
2023-03-20,9.999999974752427e-07,9.999999974752427e-07,9.999999974752427e-07,9.999999974752427e-07,3379652
2023-03-21,9.999999974752427e-07,9.999999974752427e-07,9.999999974752427e-07,9.999999974752427e-07,2494626
2023-03-22,9.999999974752427e-07,9.999999974752427e-07,9.999999974752427e-07,9.999999974752427e-07,2755857
2023-03-23,9.999999974752427e-07,9.999999974752427e-07,9.999999974752427e-07,9.999999974752427e-07,2653900
2023-03-24,9.999999974752427e-07,9.999999974752427e-07,9.999999974752427e-07,9.999999974752427e-07,2197868
2023-03-25,9.999999974752427e-07,9.999999974752427e-07,9.999999974752427e-07,9.999999974752427e-07,1957026
2023-03-26,9.999999974752427e-07,9.999999974752427e-07,9.999999974752427e-07,9.999999974752427e-07,1970921
2023-03-27,9.999999974752427e-07,9.999999974752427e-07,9.999999974752427e-07,9.999999974752427e-07,1893230
2023-03-28,9.999999974752427e-07,9.999999974752427e-07,0.0,9.999999974752427e-07,2030077
2023-03-29,0.0,9.999999974752427e-07,0.0,9.999999974752427e-07,2936629
2023-03-30,9.999999974752427e-07,9.999999974752427e-07,9.999999974752427e-07,9.999999974752427e-07,2570986
2023-03-31,9.999999974752427e-07,9.999999974752427e-07,9.999999974752427e-07,9.999999974752427e-07,2857556
2023-04-01,9.999999974752427e-07,9.999999974752427e-07,9.999999974752427e-07,9.999999974752427e-07,2638159
2023-04-02,9.999999974752427e-07,9.999999974752427e-07,9.999999974752427e-07,9.999999974752427e-07,2167536
2023-04-03,9.999999974752427e-07,9.999999974752427e-07,9.999999974752427e-07,9.999999974752427e-07,2976235
2023-04-04,9.999999974752427e-07,9.999999974752427e-07,9.999999974752427e-07,9.999999974752427e-07,1890996
2023-04-05,9.999999974752427e-07,9.999999974752427e-07,9.999999974752427e-07,9.999999974752427e-07,1507810
2023-04-06,9.999999974752427e-07,9.999999974752427e-07,9.999999974752427e-07,9.999999974752427e-07,1337193
2023-04-07,9.999999974752427e-07,9.999999974752427e-07,9.999999974752427e-07,9.999999974752427e-07,1883661
2023-04-08,9.999999974752427e-07,9.999999974752427e-07,9.999999974752427e-07,9.999999974752427e-07,1249069
2023-04-09,9.999999974752427e-07,9.999999974752427e-07,9.999999974752427e-07,9.999999974752427e-07,1211080
2023-04-10,9.999999974752427e-07,9.999999974752427e-07,9.999999974752427e-07,9.999999974752427e-07,1729729
2023-04-11,9.999999974752427e-07,9.999999974752427e-07,9.999999974752427e-07,9.999999974752427e-07,2454007
2023-04-12,9.999999974752427e-07,9.999999974752427e-07,9.999999974752427e-07,9.999999974752427e-07,5808966
2023-04-13,9.999999974752427e-07,9.999999974752427e-07,9.999999974752427e-07,9.999999974752427e-07,7625702
2023-04-14,9.999999974752427e-07,9.999999974752427e-07,9.999999974752427e-07,9.999999974752427e-07,6964994
2023-04-15,9.999999974752427e-07,9.999999974752427e-07,9.999999974752427e-07,9.999999974752427e-07,3872158
2023-04-16,9.999999974752427e-07,9.999999974752427e-07,9.999999974752427e-07,9.999999974752427e-07,7006096
2023-04-17,9.999999974752427e-07,9.999999974752427e-07,9.999999974752427e-07,9.999999974752427e-07,5349318
2023-04-18,9.999999974752427e-07,9.999999974752427e-07,9.999999974752427e-07,9.999999974752427e-07,4437973
2023-04-19,9.999999974752427e-07,9.999999974752427e-07,9.999999974752427e-07,9.999999974752427e-07,3449382
2023-04-20,9.999999974752427e-07,9.999999974752427e-07,9.999999974752427e-07,9.999999974752427e-07,3425682
2023-04-21,9.999999974752427e-07,9.999999974752427e-07,9.999999974752427e-07,9.999999974752427e-07,2432146
2023-04-22,9.999999974752427e-07,9.999999974752427e-07,9.999999974752427e-07,9.999999974752427e-07,2561482
2023-04-23,9.999999974752427e-07,9.999999974752427e-07,9.999999974752427e-07,9.999999974752427e-07,2297368
2023-04-24,9.999999974752427e-07,9.999999974752427e-07,9.999999974752427e-07,9.999999974752427e-07,5545154
2023-04-25,9.999999974752427e-07,9.999999974752427e-07,9.999999974752427e-07,9.999999974752427e-07,2414157
2023-04-26,9.999999974752427e-07,9.999999974752427e-07,9.999999974752427e-07,9.999999974752427e-07,2871309
2023-04-27,9.999999974752427e-07,9.999999974752427e-07,9.999999974752427e-07,9.999999974752427e-07,2068285
2023-04-28,9.999999974752427e-07,9.999999974752427e-07,9.999999974752427e-07,9.999999974752427e-07,1690970
2023-04-29,9.999999974752427e-07,9.999999974752427e-07,9.999999974752427e-07,9.999999974752427e-07,1541328
2023-04-30,9.999999974752427e-07,9.999999974752427e-07,9.999999974752427e-07,9.999999974752427e-07,4448577
2023-05-01,9.999999974752427e-07,9.999999974752427e-07,9.999999974752427e-07,9.999999974752427e-07,4320644
2023-05-02,9.999999974752427e-07,9.999999974752427e-07,9.999999974752427e-07,9.999999974752427e-07,2072578
2023-05-03,9.999999974752427e-07,9.999999974752427e-07,9.999999974752427e-07,9.999999974752427e-07,3424967
2023-05-04,9.999999974752427e-07,9.999999974752427e-07,9.999999974752427e-07,9.999999974752427e-07,3047640
2023-05-05,9.999999974752427e-07,9.999999974752427e-07,9.999999974752427e-07,9.999999974752427e-07,6279579
2023-05-07,0.0,9.999999974752427e-07,0.0,9.999999974752427e-07,3184142
2023-05-27,0.0,9.999999974752427e-07,0.0,9.999999974752427e-07,7464831
2023-05-28,9.999999974752427e-07,9.999999974752427e-07,0.0,9.999999974752427e-07,10335143
2023-05-29,9.999999974752427e-07,9.999999974752427e-07,0.0,9.999999974752427e-07,7057660
2023-05-30,9.999999974752427e-07,9.999999974752427e-07,9.999999974752427e-07,9.999999974752427e-07,8905787
2023-05-31,9.999999974752427e-07,9.999999974752427e-07,0.0,9.999999974752427e-07,14033342
2023-10-26,0.0,9.999999974752427e-07,0.0,9.999999974752427e-07,27655581
2023-10-27,9.999999974752427e-07,9.999999974752427e-07,0.0,9.999999974752427e-07,20697243
2023-10-28,9.999999974752427e-07,9.999999974752427e-07,0.0,9.999999974752427e-07,14758555
2023-10-29,9.999999974752427e-07,9.999999974752427e-07,9.999999974752427e-07,9.999999974752427e-07,13816090
2023-10-30,9.999999974752427e-07,9.999999974752427e-07,9.999999974752427e-07,9.999999974752427e-07,20277787
2023-10-31,9.999999974752427e-07,9.999999974752427e-07,9.999999974752427e-07,9.999999974752427e-07,20537897
2023-11-01,9.999999974752427e-07,9.999999974752427e-07,9.999999974752427e-07,9.999999974752427e-07,29091352
2023-11-02,9.999999974752427e-07,9.999999974752427e-07,9.999999974752427e-07,9.999999974752427e-07,22231284
2023-11-03,9.999999974752427e-07,9.999999974752427e-07,9.999999974752427e-07,9.999999974752427e-07,16788816
2023-11-04,9.999999974752427e-07,9.999999974752427e-07,9.999999974752427e-07,9.999999974752427e-07,20457734
2023-11-05,9.999999974752427e-07,9.999999974752427e-07,9.999999974752427e-07,9.999999974752427e-07,18141620
2023-11-06,9.999999974752427e-07,9.999999974752427e-07,9.999999974752427e-07,9.999999974752427e-07,17833425
2023-11-07,9.999999974752427e-07,9.999999974752427e-07,9.999999974752427e-07,9.999999974752427e-07,26789890
2023-11-08,9.999999974752427e-07,9.999999974752427e-07,9.999999974752427e-07,9.999999974752427e-07,34497524
2023-11-09,9.999999974752427e-07,1.9999999949504854e-06,9.999999974752427e-07,1.9999999949504854e-06,72605082
2023-11-10,1.9999999949504854e-06,3.000000106112566e-06,1.9999999949504854e-06,3.000000106112566e-06,94964214
2023-11-11,3.000000106112566e-06,3.000000106112566e-06,1.9999999949504854e-06,1.9999999949504854e-06,82638006
2023-11-12,1.9999999949504854e-06,3.000000106112566e-06,1.9999999949504854e-06,1.9999999949504854e-06,58823321
2023-11-13,1.9999999949504854e-06,3.000000106112566e-06,1.9999999949504854e-06,1.9999999949504854e-06,54009950
2023-11-14,1.9999999949504854e-06,1.9999999949504854e-06,1.9999999949504854e-06,1.9999999949504854e-06,51829391
2023-11-15,1.9999999949504854e-06,3.000000106112566e-06,1.9999999949504854e-06,3.000000106112566e-06,92550432
2023-11-16,3.000000106112566e-06,3.000000106112566e-06,1.9999999949504854e-06,3.000000106112566e-06,75869383
2023-11-17,3.000000106112566e-06,3.000000106112566e-06,3.000000106112566e-06,3.000000106112566e-06,80238511
2023-11-18,3.000000106112566e-06,3.000000106112566e-06,3.000000106112566e-06,3.000000106112566e-06,50437892
2023-11-19,3.000000106112566e-06,4.999999873689376e-06,3.000000106112566e-06,3.999999989900971e-06,96553907
2023-11-20,3.999999989900971e-06,4.999999873689376e-06,3.999999989900971e-06,3.999999989900971e-06,122114929
2023-11-21,3.999999989900971e-06,3.999999989900971e-06,3.000000106112566e-06,3.999999989900971e-06,74126373
2023-11-22,3.999999989900971e-06,4.999999873689376e-06,3.999999989900971e-06,4.999999873689376e-06,97230824
2023-11-23,4.999999873689376e-06,4.999999873689376e-06,3.999999989900971e-06,3.999999989900971e-06,52021925
2023-11-24,3.999999989900971e-06,3.999999989900971e-06,3.999999989900971e-06,3.999999989900971e-06,44429185
2023-11-25,3.999999989900971e-06,4.999999873689376e-06,3.999999989900971e-06,3.999999989900971e-06,41929609
2023-11-26,3.999999989900971e-06,3.999999989900971e-06,3.999999989900971e-06,3.999999989900971e-06,32903110
2023-11-27,3.999999989900971e-06,3.999999989900971e-06,3.999999989900971e-06,3.999999989900971e-06,41152167
2023-11-28,3.999999989900971e-06,3.999999989900971e-06,3.999999989900971e-06,3.999999989900971e-06,46839646
2023-11-29,3.999999989900971e-06,4.999999873689376e-06,3.999999989900971e-06,3.999999989900971e-06,37386112
2023-11-30,3.999999989900971e-06,3.999999989900971e-06,3.999999989900971e-06,3.999999989900971e-06,29594330
2023-12-01,3.999999989900971e-06,3.999999989900971e-06,3.999999989900971e-06,3.999999989900971e-06,28769779
2023-12-02,3.999999989900971e-06,4.999999873689376e-06,3.999999989900971e-06,4.999999873689376e-06,46112518
2023-12-03,4.999999873689376e-06,4.999999873689376e-06,4.999999873689376e-06,4.999999873689376e-06,50664644
2023-12-04,4.999999873689376e-06,7.000000096013537e-06,4.999999873689376e-06,6.000000212225132e-06,183974525
2023-12-05,6.000000212225132e-06,7.999999979801942e-06,6.000000212225132e-06,7.999999979801942e-06,84235080
2023-12-06,7.999999979801942e-06,9.000000318337698e-06,7.000000096013537e-06,7.000000096013537e-06,103767959
2023-12-07,7.999999979801942e-06,1.1000000085914508e-05,7.999999979801942e-06,9.999999747378752e-06,187208304
2023-12-08,9.999999747378752e-06,1.2999999853491317e-05,9.999999747378752e-06,1.2999999853491317e-05,176358751
2023-12-09,1.2999999853491317e-05,1.4999999621068127e-05,1.1000000085914508e-05,1.1000000085914508e-05,224903913
2023-12-10,1.1000000085914508e-05,1.2999999853491317e-05,9.999999747378752e-06,1.2999999853491317e-05,172957592
2023-12-11,1.2999999853491317e-05,1.2999999853491317e-05,1.1000000085914508e-05,1.2000000424450263e-05,160176567
2023-12-12,1.2000000424450263e-05,1.2999999853491317e-05,1.1000000085914508e-05,1.1000000085914508e-05,138655976
2023-12-13,1.1000000085914508e-05,1.4999999621068127e-05,9.000000318337698e-06,1.2999999853491317e-05,282342944
2023-12-14,1.2999999853491317e-05,2.5999999706982635e-05,1.2999999853491317e-05,2.4000000848900527e-05,593410151
2023-12-15,2.4000000848900527e-05,3.400000059627928e-05,2.2000000171829015e-05,2.4000000848900527e-05,1877942215
2023-12-16,2.4000000848900527e-05,2.700000004551839e-05,2.099999983329326e-05,2.2000000171829015e-05,789646262
2023-12-17,2.2000000171829015e-05,2.499999936844688e-05,1.9999999494757503e-05,2.300000051036477e-05,601626518
2023-12-18,2.300000051036477e-05,2.300000051036477e-05,1.8999999156221747e-05,2.099999983329326e-05,479892706
2023-12-19,2.099999983329326e-05,2.300000051036477e-05,1.8999999156221747e-05,1.8999999156221747e-05,337495634
2023-12-20,1.8999999156221747e-05,2.099999983329326e-05,1.8000000636675395e-05,1.8999999156221747e-05,435142485
2023-12-21,1.8999999156221747e-05,2.099999983329326e-05,1.8000000636675395e-05,2.099999983329326e-05,453453259
2023-12-22,2.099999983329326e-05,2.300000051036477e-05,1.8999999156221747e-05,1.8999999156221747e-05,354944643
2023-12-23,1.8999999156221747e-05,1.9999999494757503e-05,1.8000000636675395e-05,1.9999999494757503e-05,228245408
2023-12-24,1.9999999494757503e-05,1.9999999494757503e-05,1.8000000636675395e-05,1.8000000636675395e-05,201101671
2023-12-25,1.8000000636675395e-05,1.8999999156221747e-05,1.8000000636675395e-05,1.8999999156221747e-05,192040839
2023-12-26,1.8999999156221747e-05,1.8999999156221747e-05,1.5999999959603883e-05,1.5999999959603883e-05,271163556
2023-12-27,1.5999999959603883e-05,1.5999999959603883e-05,1.4000000192027073e-05,1.4999999621068127e-05,246855998
2023-12-28,1.4999999621068127e-05,1.4999999621068127e-05,1.2999999853491317e-05,1.4999999621068127e-05,358655984
2023-12-29,1.4999999621068127e-05,1.700000029813964e-05,1.4000000192027073e-05,1.4999999621068127e-05,396445062
2023-12-30,1.4999999621068127e-05,1.4999999621068127e-05,1.4000000192027073e-05,1.4000000192027073e-05,137792072
2023-12-31,1.4000000192027073e-05,1.4000000192027073e-05,1.2999999853491317e-05,1.2999999853491317e-05,125172471
2024-01-01,1.2999999853491317e-05,1.4999999621068127e-05,1.2999999853491317e-05,1.4999999621068127e-05,123160645
2024-01-02,1.4999999621068127e-05,1.4999999621068127e-05,1.2999999853491317e-05,1.2999999853491317e-05,162944179
2024-01-03,1.2999999853491317e-05,1.4000000192027073e-05,1.1000000085914508e-05,1.2000000424450263e-05,181586345
2024-01-04,1.2000000424450263e-05,1.2999999853491317e-05,1.1000000085914508e-05,1.2000000424450263e-05,121822065
2024-01-05,1.2000000424450263e-05,1.2000000424450263e-05,1.1000000085914508e-05,1.1000000085914508e-05,111851820
2024-01-06,1.1000000085914508e-05,1.2000000424450263e-05,9.999999747378752e-06,1.1000000085914508e-05,106141326
2024-01-07,1.1000000085914508e-05,1.1000000085914508e-05,9.999999747378752e-06,9.999999747378752e-06,106440242
2024-01-08,9.999999747378752e-06,1.2999999853491317e-05,9.000000318337698e-06,1.2000000424450263e-05,251321477
2024-01-09,1.2000000424450263e-05,1.4000000192027073e-05,1.2000000424450263e-05,1.4000000192027073e-05,504625942
2024-01-10,1.4000000192027073e-05,1.8000000636675395e-05,1.2999999853491317e-05,1.5999999959603883e-05,679773909
2024-01-11,1.5999999959603883e-05,1.700000029813964e-05,1.4999999621068127e-05,1.5999999959603883e-05,443300970
2024-01-12,1.5999999959603883e-05,1.5999999959603883e-05,1.2999999853491317e-05,1.4000000192027073e-05,303031145
2024-01-13,1.4000000192027073e-05,1.5999999959603883e-05,1.2999999853491317e-05,1.4999999621068127e-05,271617614
2024-01-14,1.4999999621068127e-05,1.5999999959603883e-05,1.4000000192027073e-05,1.4000000192027073e-05,213210794
2024-01-15,1.4000000192027073e-05,1.4000000192027073e-05,1.4000000192027073e-05,1.4000000192027073e-05,167246473
2024-01-16,1.4000000192027073e-05,1.4000000192027073e-05,1.2999999853491317e-05,1.4000000192027073e-05,150585296
2024-01-17,1.4000000192027073e-05,1.4000000192027073e-05,1.2999999853491317e-05,1.2999999853491317e-05,140091195
2024-01-18,1.2999999853491317e-05,1.2999999853491317e-05,1.2000000424450263e-05,1.2000000424450263e-05,135998489
2024-01-19,1.2000000424450263e-05,1.2000000424450263e-05,1.1000000085914508e-05,1.2000000424450263e-05,115223424
2024-01-20,1.2000000424450263e-05,1.2000000424450263e-05,1.1000000085914508e-05,1.2000000424450263e-05,69976470
2024-01-21,1.2000000424450263e-05,1.2000000424450263e-05,1.1000000085914508e-05,1.1000000085914508e-05,64491339
2024-01-22,1.1000000085914508e-05,1.1000000085914508e-05,9.999999747378752e-06,9.999999747378752e-06,104549018
2024-01-23,9.999999747378752e-06,1.1000000085914508e-05,9.999999747378752e-06,1.1000000085914508e-05,113087437
2024-01-24,1.1000000085914508e-05,1.1000000085914508e-05,9.999999747378752e-06,1.1000000085914508e-05,113795123
2024-01-25,1.1000000085914508e-05,1.2000000424450263e-05,9.999999747378752e-06,1.1000000085914508e-05,106492723
2024-01-26,1.1000000085914508e-05,1.2000000424450263e-05,1.1000000085914508e-05,1.2000000424450263e-05,134767883
2024-01-27,1.2000000424450263e-05,1.2000000424450263e-05,1.1000000085914508e-05,1.2000000424450263e-05,75157752
2024-01-28,1.2000000424450263e-05,1.2999999853491317e-05,1.1000000085914508e-05,1.2000000424450263e-05,119512470
2024-01-29,1.2000000424450263e-05,1.2000000424450263e-05,1.1000000085914508e-05,1.2000000424450263e-05,86572500
2024-01-30,1.2000000424450263e-05,1.2000000424450263e-05,1.1000000085914508e-05,1.1000000085914508e-05,78067106
2024-01-31,1.1000000085914508e-05,1.1000000085914508e-05,1.1000000085914508e-05,1.1000000085914508e-05,94246326
2024-02-01,1.1000000085914508e-05,1.1000000085914508e-05,9.999999747378752e-06,1.1000000085914508e-05,60134293
2024-02-02,1.1000000085914508e-05,1.1000000085914508e-05,9.999999747378752e-06,1.1000000085914508e-05,52263816
2024-02-03,1.1000000085914508e-05,1.1000000085914508e-05,9.999999747378752e-06,9.999999747378752e-06,33675980
2024-02-04,9.999999747378752e-06,9.999999747378752e-06,9.999999747378752e-06,9.999999747378752e-06,45069579
2024-02-05,9.999999747378752e-06,1.1000000085914508e-05,9.999999747378752e-06,9.999999747378752e-06,65816881
2024-02-06,9.999999747378752e-06,9.999999747378752e-06,9.999999747378752e-06,9.999999747378752e-06,48158268
2024-02-07,9.999999747378752e-06,1.1000000085914508e-05,9.999999747378752e-06,9.999999747378752e-06,60614843
2024-02-08,9.999999747378752e-06,1.1000000085914508e-05,9.999999747378752e-06,9.999999747378752e-06,57489104
2024-02-09,9.999999747378752e-06,1.2999999853491317e-05,9.999999747378752e-06,1.2000000424450263e-05,245156529
2024-02-10,1.2000000424450263e-05,1.4000000192027073e-05,1.2000000424450263e-05,1.2999999853491317e-05,226608959
2024-02-11,1.2999999853491317e-05,1.4000000192027073e-05,1.2000000424450263e-05,1.2000000424450263e-05,149710795
2024-02-12,1.2000000424450263e-05,1.2999999853491317e-05,1.2000000424450263e-05,1.2999999853491317e-05,149869724
2024-02-13,1.2999999853491317e-05,1.4000000192027073e-05,1.2000000424450263e-05,1.2999999853491317e-05,102069676
2024-02-14,1.2999999853491317e-05,1.4000000192027073e-05,1.2000000424450263e-05,1.4000000192027073e-05,162221282
2024-02-15,1.4000000192027073e-05,1.4999999621068127e-05,1.4000000192027073e-05,1.4000000192027073e-05,151914733
2024-02-16,1.4000000192027073e-05,1.4000000192027073e-05,1.2999999853491317e-05,1.2999999853491317e-05,100059969
2024-02-17,1.2999999853491317e-05,1.2999999853491317e-05,1.2000000424450263e-05,1.2999999853491317e-05,74840121
2024-02-18,1.2999999853491317e-05,1.2999999853491317e-05,1.2999999853491317e-05,1.2999999853491317e-05,64481976
2024-02-19,1.2999999853491317e-05,1.2999999853491317e-05,1.2999999853491317e-05,1.2999999853491317e-05,83831383
2024-02-20,1.2999999853491317e-05,1.2999999853491317e-05,1.2000000424450263e-05,1.2000000424450263e-05,108303148
2024-02-21,1.2000000424450263e-05,1.2000000424450263e-05,1.1000000085914508e-05,1.2000000424450263e-05,77626363
2024-02-22,1.2000000424450263e-05,1.2000000424450263e-05,1.1000000085914508e-05,1.2000000424450263e-05,71163726
2024-02-23,1.2000000424450263e-05,1.2000000424450263e-05,1.1000000085914508e-05,1.1000000085914508e-05,74537380
2024-02-24,1.1000000085914508e-05,1.2000000424450263e-05,1.1000000085914508e-05,1.2000000424450263e-05,53643610
2024-02-25,1.2000000424450263e-05,1.2000000424450263e-05,1.1000000085914508e-05,1.2000000424450263e-05,61355122
2024-02-26,1.2000000424450263e-05,1.4000000192027073e-05,1.2000000424450263e-05,1.2999999853491317e-05,159489289
2024-02-27,1.2999999853491317e-05,1.5999999959603883e-05,1.2999999853491317e-05,1.4999999621068127e-05,373528120
2024-02-28,1.4999999621068127e-05,1.8999999156221747e-05,1.4000000192027073e-05,1.8999999156221747e-05,596242028
2024-02-29,1.8999999156221747e-05,2.499999936844688e-05,1.8999999156221747e-05,2.2000000171829015e-05,1089351795
2024-03-01,2.2000000171829015e-05,2.5999999706982635e-05,2.099999983329326e-05,2.499999936844688e-05,712590613
2024-03-02,2.499999936844688e-05,2.9000000722589903e-05,2.300000051036477e-05,2.4000000848900527e-05,702715130
2024-03-03,2.4000000848900527e-05,2.700000004551839e-05,2.099999983329326e-05,2.700000004551839e-05,688062336
2024-03-04,2.700000004551839e-05,4.70000013592653e-05,2.5999999706982635e-05,3.7999998312443495e-05,2188887166
2024-03-05,3.7999998312443495e-05,4.199999966658652e-05,2.4000000848900527e-05,3.099999958067201e-05,1583849022
2024-03-06,3.099999958067201e-05,3.7000001611886546e-05,2.8000000384054147e-05,2.9999999242136255e-05,764431590
2024-03-07,2.9999999242136255e-05,3.099999958067201e-05,2.700000004551839e-05,2.700000004551839e-05,612166631
2024-03-08,2.700000004551839e-05,3.5000000934815034e-05,2.700000004551839e-05,3.199999991920777e-05,1078261332
2024-03-09,3.199999991920777e-05,3.400000059627928e-05,2.9999999242136255e-05,3.400000059627928e-05,579643562
2024-03-10,3.400000059627928e-05,3.400000059627928e-05,2.9999999242136255e-05,3.099999958067201e-05,442148019
2024-03-11,3.099999958067201e-05,3.199999991920777e-05,2.9000000722589903e-05,3.099999958067201e-05,421842575
2024-03-12,3.099999958067201e-05,3.199999991920777e-05,2.700000004551839e-05,2.9000000722589903e-05,388722218
2024-03-13,2.9000000722589903e-05,3.300000025774352e-05,2.8000000384054147e-05,3.199999991920777e-05,593540741
2024-03-14,3.199999991920777e-05,3.7000001611886546e-05,3.099999958067201e-05,3.400000059627928e-05,1047264709
2024-03-15,3.400000059627928e-05,3.7000001611886546e-05,2.9000000722589903e-05,2.9999999242136255e-05,700224652
2024-03-16,2.9999999242136255e-05,2.9999999242136255e-05,2.4000000848900527e-05,2.499999936844688e-05,449698769
2024-03-17,2.499999936844688e-05,2.9000000722589903e-05,2.4000000848900527e-05,2.8000000384054147e-05,431672597
2024-03-18,2.8000000384054147e-05,2.8000000384054147e-05,2.300000051036477e-05,2.4000000848900527e-05,326276703
2024-03-19,2.4000000848900527e-05,2.4000000848900527e-05,1.9999999494757503e-05,2.2000000171829015e-05,374251925
2024-03-20,2.2000000171829015e-05,2.499999936844688e-05,2.099999983329326e-05,2.4000000848900527e-05,329139980
2024-03-21,2.4000000848900527e-05,2.499999936844688e-05,2.2000000171829015e-05,2.300000051036477e-05,220685490
2024-03-22,2.300000051036477e-05,2.4000000848900527e-05,2.099999983329326e-05,2.2000000171829015e-05,179267773
2024-03-23,2.2000000171829015e-05,2.300000051036477e-05,2.099999983329326e-05,2.2000000171829015e-05,125477047
2024-03-24,2.2000000171829015e-05,2.4000000848900527e-05,2.2000000171829015e-05,2.4000000848900527e-05,152336786
2024-03-25,2.4000000848900527e-05,2.5999999706982635e-05,2.300000051036477e-05,2.499999936844688e-05,236570544
2024-03-26,2.499999936844688e-05,2.8000000384054147e-05,2.499999936844688e-05,2.700000004551839e-05,318179429
2024-03-27,2.700000004551839e-05,2.700000004551839e-05,2.499999936844688e-05,2.5999999706982635e-05,203857822
2024-03-28,2.5999999706982635e-05,2.9000000722589903e-05,2.499999936844688e-05,2.8000000384054147e-05,372606537
2024-03-29,2.8000000384054147e-05,2.9000000722589903e-05,2.5999999706982635e-05,2.5999999706982635e-05,217497222
2024-03-30,2.5999999706982635e-05,2.9000000722589903e-05,2.5999999706982635e-05,2.700000004551839e-05,264756942
2024-03-31,2.700000004551839e-05,2.8000000384054147e-05,2.700000004551839e-05,2.8000000384054147e-05,173721356
2024-04-01,2.8000000384054147e-05,2.8000000384054147e-05,2.499999936844688e-05,2.5999999706982635e-05,197245534
2024-04-02,2.5999999706982635e-05,2.5999999706982635e-05,2.2000000171829015e-05,2.300000051036477e-05,180587017
2024-04-03,2.300000051036477e-05,2.4000000848900527e-05,2.2000000171829015e-05,2.2000000171829015e-05,143107369
2024-04-04,2.2000000171829015e-05,2.4000000848900527e-05,2.2000000171829015e-05,2.300000051036477e-05,149284485
2024-04-05,2.300000051036477e-05,2.300000051036477e-05,2.099999983329326e-05,2.2000000171829015e-05,122170822
2024-04-06,2.2000000171829015e-05,2.300000051036477e-05,2.2000000171829015e-05,2.300000051036477e-05,88610772
2024-04-07,2.300000051036477e-05,2.4000000848900527e-05,2.300000051036477e-05,2.4000000848900527e-05,108162891
2024-04-08,2.4000000848900527e-05,2.499999936844688e-05,2.300000051036477e-05,2.4000000848900527e-05,132498092
2024-04-09,2.4000000848900527e-05,2.499999936844688e-05,2.2000000171829015e-05,2.2000000171829015e-05,114152230
2024-04-10,2.2000000171829015e-05,2.300000051036477e-05,2.099999983329326e-05,2.300000051036477e-05,120971477
2024-04-11,2.300000051036477e-05,2.300000051036477e-05,2.099999983329326e-05,2.2000000171829015e-05,91583421
2024-04-12,2.2000000171829015e-05,2.2000000171829015e-05,1.4999999621068127e-05,1.700000029813964e-05,215113898
2024-04-13,1.700000029813964e-05,1.8000000636675395e-05,1.2999999853491317e-05,1.4999999621068127e-05,255439082
2024-04-14,1.4999999621068127e-05,1.700000029813964e-05,1.4999999621068127e-05,1.5999999959603883e-05,144384965
2024-04-15,1.5999999959603883e-05,1.700000029813964e-05,1.4000000192027073e-05,1.4999999621068127e-05,133711414
2024-04-16,1.4999999621068127e-05,1.4999999621068127e-05,1.4000000192027073e-05,1.4999999621068127e-05,130431255
2024-04-17,1.4999999621068127e-05,1.4999999621068127e-05,1.4000000192027073e-05,1.4000000192027073e-05,93330507
2024-04-18,1.4000000192027073e-05,1.4999999621068127e-05,1.4000000192027073e-05,1.4999999621068127e-05,90347510
2024-04-19,1.4999999621068127e-05,1.4999999621068127e-05,1.2999999853491317e-05,1.4999999621068127e-05,125663386
2024-04-20,1.4999999621068127e-05,1.9999999494757503e-05,1.4999999621068127e-05,1.9999999494757503e-05,236353148
2024-04-21,1.9999999494757503e-05,2.2000000171829015e-05,1.8999999156221747e-05,2.099999983329326e-05,437404812
2024-04-22,2.099999983329326e-05,2.099999983329326e-05,1.9999999494757503e-05,1.9999999494757503e-05,207923636
2024-04-23,1.9999999494757503e-05,2.499999936844688e-05,1.9999999494757503e-05,2.499999936844688e-05,372964488
2024-04-24,2.499999936844688e-05,2.8000000384054147e-05,2.4000000848900527e-05,2.499999936844688e-05,697301814
2024-04-25,2.499999936844688e-05,2.9000000722589903e-05,2.300000051036477e-05,2.700000004551839e-05,615060613
2024-04-26,2.700000004551839e-05,2.8000000384054147e-05,2.499999936844688e-05,2.5999999706982635e-05,463556330
2024-04-27,2.5999999706982635e-05,2.700000004551839e-05,2.300000051036477e-05,2.499999936844688e-05,372581304
2024-04-28,2.499999936844688e-05,2.700000004551839e-05,2.499999936844688e-05,2.499999936844688e-05,319129718
2024-04-29,2.499999936844688e-05,2.5999999706982635e-05,2.4000000848900527e-05,2.5999999706982635e-05,312681102
2024-04-30,2.5999999706982635e-05,2.5999999706982635e-05,2.2000000171829015e-05,2.300000051036477e-05,306389769
2024-05-01,2.300000051036477e-05,2.4000000848900527e-05,2.099999983329326e-05,2.300000051036477e-05,453146639
2024-05-02,2.300000051036477e-05,2.5999999706982635e-05,2.2000000171829015e-05,2.499999936844688e-05,457360897
2024-05-03,2.499999936844688e-05,2.8000000384054147e-05,2.499999936844688e-05,2.700000004551839e-05,464165595
2024-05-04,2.700000004551839e-05,2.9000000722589903e-05,2.700000004551839e-05,2.8000000384054147e-05,393569171
2024-05-05,2.8000000384054147e-05,2.8000000384054147e-05,2.5999999706982635e-05,2.5999999706982635e-05,234877442
2024-05-06,2.5999999706982635e-05,2.8000000384054147e-05,2.499999936844688e-05,2.499999936844688e-05,332641498
2024-05-07,2.499999936844688e-05,2.5999999706982635e-05,2.4000000848900527e-05,2.4000000848900527e-05,195992928
2024-05-08,2.4000000848900527e-05,2.499999936844688e-05,2.300000051036477e-05,2.300000051036477e-05,177473571
2024-05-09,2.300000051036477e-05,2.499999936844688e-05,2.300000051036477e-05,2.499999936844688e-05,225216000
2024-05-10,2.499999936844688e-05,2.499999936844688e-05,2.300000051036477e-05,2.300000051036477e-05,248402779
2024-05-11,2.300000051036477e-05,2.4000000848900527e-05,2.300000051036477e-05,2.300000051036477e-05,125569516
2024-05-12,2.300000051036477e-05,2.300000051036477e-05,2.300000051036477e-05,2.300000051036477e-05,89597499
2024-05-13,2.300000051036477e-05,2.499999936844688e-05,2.2000000171829015e-05,2.300000051036477e-05,325737634
2024-05-14,2.300000051036477e-05,2.4000000848900527e-05,2.300000051036477e-05,2.300000051036477e-05,376088710
2024-05-15,2.300000051036477e-05,2.499999936844688e-05,2.300000051036477e-05,2.499999936844688e-05,411432353
2024-05-16,2.499999936844688e-05,2.5999999706982635e-05,2.4000000848900527e-05,2.4000000848900527e-05,404740478
2024-05-17,2.4000000848900527e-05,2.499999936844688e-05,2.4000000848900527e-05,2.4000000848900527e-05,218181878
2024-05-18,2.4000000848900527e-05,2.700000004551839e-05,2.4000000848900527e-05,2.5999999706982635e-05,404429816
2024-05-19,2.5999999706982635e-05,2.8000000384054147e-05,2.499999936844688e-05,2.499999936844688e-05,638480197
2024-05-20,2.499999936844688e-05,3.099999958067201e-05,2.499999936844688e-05,2.9999999242136255e-05,693154597
2024-05-21,2.9999999242136255e-05,3.400000059627928e-05,2.9999999242136255e-05,3.300000025774352e-05,1222279847
2024-05-22,3.300000025774352e-05,3.5000000934815034e-05,3.099999958067201e-05,3.199999991920777e-05,778866616
2024-05-23,3.199999991920777e-05,3.7000001611886546e-05,3.199999991920777e-05,3.5000000934815034e-05,1188708208
2024-05-24,3.5000000934815034e-05,3.600000127335079e-05,3.199999991920777e-05,3.300000025774352e-05,553642316
2024-05-25,3.300000025774352e-05,3.7000001611886546e-05,3.300000025774352e-05,3.5000000934815034e-05,529811350
2024-05-26,3.5000000934815034e-05,3.600000127335079e-05,3.400000059627928e-05,3.400000059627928e-05,403644208
2024-05-27,3.400000059627928e-05,3.899999865097925e-05,3.400000059627928e-05,3.899999865097925e-05,876402478
2024-05-28,3.899999865097925e-05,4.400000034365803e-05,3.7000001611886546e-05,4.099999932805076e-05,1146600771
2024-05-29,4.099999932805076e-05,4.400000034365803e-05,3.600000127335079e-05,3.600000127335079e-05,812900225
2024-05-30,3.600000127335079e-05,3.7999998312443495e-05,3.199999991920777e-05,3.400000059627928e-05,873057843
2024-05-31,3.400000059627928e-05,3.600000127335079e-05,3.300000025774352e-05,3.400000059627928e-05,569674346
2024-06-01,3.400000059627928e-05,3.5000000934815034e-05,3.300000025774352e-05,3.300000025774352e-05,308803852
2024-06-02,3.300000025774352e-05,3.400000059627928e-05,3.099999958067201e-05,3.199999991920777e-05,369727586
2024-06-03,3.199999991920777e-05,3.5000000934815034e-05,3.099999958067201e-05,3.199999991920777e-05,625344782
2024-06-04,3.199999991920777e-05,3.400000059627928e-05,3.199999991920777e-05,3.300000025774352e-05,445398409
2024-06-05,3.300000025774352e-05,3.600000127335079e-05,3.300000025774352e-05,3.400000059627928e-05,628335679
2024-06-06,3.400000059627928e-05,3.400000059627928e-05,3.199999991920777e-05,3.199999991920777e-05,317351610
2024-06-07,3.199999991920777e-05,3.199999991920777e-05,2.5999999706982635e-05,2.9000000722589903e-05,610902176
2024-06-08,2.9000000722589903e-05,2.9999999242136255e-05,2.700000004551839e-05,2.700000004551839e-05,345875669
2024-06-09,2.700000004551839e-05,2.9000000722589903e-05,2.700000004551839e-05,2.9000000722589903e-05,253177608
2024-06-10,2.9000000722589903e-05,2.9000000722589903e-05,2.700000004551839e-05,2.700000004551839e-05,278101280
2024-06-11,2.700000004551839e-05,2.8000000384054147e-05,2.5999999706982635e-05,2.700000004551839e-05,377406701
2024-06-12,2.700000004551839e-05,3.099999958067201e-05,2.5999999706982635e-05,2.9000000722589903e-05,430195699
2024-06-13,2.9000000722589903e-05,2.9000000722589903e-05,2.499999936844688e-05,2.5999999706982635e-05,284140516
2024-06-14,2.5999999706982635e-05,2.5999999706982635e-05,2.300000051036477e-05,2.4000000848900527e-05,262418586
2024-06-15,2.4000000848900527e-05,2.499999936844688e-05,2.4000000848900527e-05,2.4000000848900527e-05,146218292
2024-06-16,2.4000000848900527e-05,2.5999999706982635e-05,2.4000000848900527e-05,2.499999936844688e-05,131605307
2024-06-17,2.499999936844688e-05,2.5999999706982635e-05,2.2000000171829015e-05,2.300000051036477e-05,244553177
2024-06-18,2.300000051036477e-05,2.300000051036477e-05,1.9999999494757503e-05,2.099999983329326e-05,269568593
2024-06-19,2.099999983329326e-05,2.300000051036477e-05,2.099999983329326e-05,2.099999983329326e-05,193518423
2024-06-20,2.099999983329326e-05,2.300000051036477e-05,2.099999983329326e-05,2.099999983329326e-05,192154302
2024-06-21,2.099999983329326e-05,2.099999983329326e-05,1.9999999494757503e-05,1.9999999494757503e-05,195958799
2024-06-22,1.9999999494757503e-05,2.099999983329326e-05,1.9999999494757503e-05,2.099999983329326e-05,121122814
2024-06-23,2.099999983329326e-05,2.099999983329326e-05,1.9999999494757503e-05,1.9999999494757503e-05,122201268
